legacy_post_id,type,legacy_upload_path,expected_filename
146,gallery,2023/10/1620-111-b.jpg,prod_146_1620-111-b.jpg
156,gallery,2023/10/1620-111-a-2.jpg,prod_156_1620-111-a-2.jpg
167,gallery,2023/10/1650-081-a.jpg,prod_167_1650-081-a.jpg
204,gallery,2023/10/1610-242-a.jpg,prod_204_1610-242-a.jpg
268,drawing,2023/10/1695-209-bdrawing.jpg,prod_268_1695-209-bdrawing.jpg
269,drawing,2023/10/1695-209-drawing-1.jpg,prod_269_1695-209-drawing-1.jpg
270,drawing,2023/10/1695-209-drawing.jpg,prod_270_1695-209-drawing.jpg
2028,gallery,2023/10/1610-242-b.jpg,prod_2028_1610-242-b.jpg
2050,drawing,2024/11/1690-000-Drawing.jpg,prod_2050_1690-000-Drawing.jpg
2054,drawing,2024/11/1660-140-Drawing.jpg,prod_2054_1660-140-Drawing.jpg
2059,gallery,2024/11/1685-242-b.jpg,prod_2059_1685-242-b.jpg
2059,gallery,2024/11/1685-242-c.jpg,prod_2059_1685-242-c.jpg
2059,gallery,2024/11/1685-242-d.jpg,prod_2059_1685-242-d.jpg
2059,gallery,2024/11/1685-242-e.jpg,prod_2059_1685-242-e.jpg
2068,gallery,2024/11/1685-111-b.jpg,prod_2068_1685-111-b.jpg
2068,gallery,2024/11/1685-111-c.jpg,prod_2068_1685-111-c.jpg
2074,gallery,2024/11/1685-081-b.jpg,prod_2074_1685-081-b.jpg
2079,gallery,2024/11/1685-140-b.jpg,prod_2079_1685-140-b.jpg
2079,gallery,2024/11/1685-140-c.jpg,prod_2079_1685-140-c.jpg
2084,gallery,2024/11/1685-204-a.jpg,prod_2084_1685-204-a.jpg
2109,drawing,2024/12/1654-001-drawing.jpg,prod_2109_1654-001-drawing.jpg
2115,drawing,2024/12/1654-002-drawing.jpg,prod_2115_1654-002-drawing.jpg
2122,drawing,2024/12/1654-003-Drawing.jpg,prod_2122_1654-003-Drawing.jpg
2128,drawing,2024/12/1654-004-Drawing.jpg,prod_2128_1654-004-Drawing.jpg
2135,drawing,2024/12/1654-005-Drawing.jpg,prod_2135_1654-005-Drawing.jpg
2142,drawing,2024/12/1654-006-Drawing.jpg,prod_2142_1654-006-Drawing.jpg
2147,drawing,2024/12/1654-007-Drawing.jpg,prod_2147_1654-007-Drawing.jpg
2151,drawing,2024/12/1654-008-Drawing.jpg,prod_2151_1654-008-Drawing.jpg
2157,drawing,2024/12/1654-009-Drawing.jpg,prod_2157_1654-009-Drawing.jpg
2162,drawing,2024/12/1654-0010-Drawing.jpg,prod_2162_1654-0010-Drawing.jpg
2167,drawing,2024/12/1654-0011-Drawing.jpg,prod_2167_1654-0011-Drawing.jpg
2172,drawing,2024/12/1654-0012-Drawing.jpg,prod_2172_1654-0012-Drawing.jpg
2179,drawing,2024/12/1654-0013-Drawing.jpg,prod_2179_1654-0013-Drawing.jpg
2184,drawing,2024/12/1654-0014-Drawing.jpg,prod_2184_1654-0014-Drawing.jpg
2189,drawing,2024/12/1623-001-Drawing.jpg,prod_2189_1623-001-Drawing.jpg
2194,drawing,2024/12/1623-002-Drawing.jpg,prod_2194_1623-002-Drawing.jpg
2213,gallery,2025/06/hand-dryer.jpeg,prod_2213_hand-dryer.jpeg
2223,gallery,2025/06/Screenshot-2025-06-16-124921.png,prod_2223_Screenshot-2025-06-16-124921.png
2241,gallery,2025/08/1501_1-scaled.jpg,prod_2241_1501_1-scaled.jpg
2245,gallery,2025/08/1501H_1-scaled.jpg,prod_2245_1501H_1-scaled.jpg
2249,gallery,2025/08/1652-scaled.jpg,prod_2249_1652-scaled.jpg
2262,gallery,2025/08/1503.png,prod_2262_1503.png
2264,gallery,2025/08/1651_1-scaled.jpg,prod_2264_1651_1-scaled.jpg
2266,gallery,2025/08/1651H-scaled.jpg,prod_2266_1651H-scaled.jpg
2268,gallery,2025/08/1653_1-scaled.jpg,prod_2268_1653_1-scaled.jpg
2270,gallery,2025/08/1654_1-scaled.jpg,prod_2270_1654_1-scaled.jpg
2273,gallery,2025/08/1659_1-scaled.jpg,prod_2273_1659_1-scaled.jpg
2277,gallery,2025/08/4311-2_1-scaled.jpg,prod_2277_4311-2_1-scaled.jpg
2281,gallery,2025/08/4311-2_1-scaled.jpg,prod_2281_4311-2_1-scaled.jpg
2284,gallery,2025/08/4311-2H_1-scaled.jpg,prod_2284_4311-2H_1-scaled.jpg
2290,gallery,2025/08/4311-2H_1-scaled.jpg,prod_2290_4311-2H_1-scaled.jpg
2313,gallery,2025/10/Image_20251010190212.jpg,prod_2313_Image_20251010190212.jpg
2313,gallery,2025/10/Image_20251010190236.png,prod_2313_Image_20251010190236.png
2317,gallery,2025/10/Image_20251010190212.jpg,prod_2317_Image_20251010190212.jpg
2320,gallery,2025/10/Image_20250702134810.png,prod_2320_Image_20250702134810.png
2324,gallery,2025/10/Image_20250702134810-1.png,prod_2324_Image_20250702134810-1.png
2328,gallery,2025/10/Image_20250702134810-1.png,prod_2328_Image_20250702134810-1.png
2332,gallery,2025/10/Image_20250702134756.png,prod_2332_Image_20250702134756.png
2336,gallery,2025/10/Image_20250702134756.png,prod_2336_Image_20250702134756.png
2340,gallery,2025/10/Image_20250702134756.png,prod_2340_Image_20250702134756.png
2342,gallery,2025/10/Image_20250702134751.png,prod_2342_Image_20250702134751.png
2348,gallery,2025/10/Image_20250702134751.png,prod_2348_Image_20250702134751.png
2350,gallery,2025/10/Image_20250702134751.png,prod_2350_Image_20250702134751.png
2352,gallery,2025/10/Image_20250702134746.png,prod_2352_Image_20250702134746.png
2358,gallery,2025/10/Image_20250702134746.png,prod_2358_Image_20250702134746.png
2361,gallery,2025/10/Image_20250702134746.png,prod_2361_Image_20250702134746.png
2363,gallery,2025/10/Image_20251011125146.png,prod_2363_Image_20251011125146.png
2369,gallery,2025/10/Image_20251011125146.png,prod_2369_Image_20251011125146.png
2371,gallery,2025/10/Image_20251011125146.png,prod_2371_Image_20251011125146.png
2374,gallery,2025/10/Image_20250702134722.png,prod_2374_Image_20250702134722.png
2384,gallery,2025/10/Image_20250702134722.png,prod_2384_Image_20250702134722.png
2386,gallery,2025/10/Image_20250702134722.png,prod_2386_Image_20250702134722.png
2389,gallery,2025/10/Image_20250702134717.png,prod_2389_Image_20250702134717.png
2391,gallery,2025/10/Image_20250702134717.png,prod_2391_Image_20250702134717.png
2393,gallery,2025/10/Image_20250702134717.png,prod_2393_Image_20250702134717.png
2395,gallery,2025/10/Image_20250702134707.png,prod_2395_Image_20250702134707.png
2405,gallery,2025/10/Image_20250702134707.png,prod_2405_Image_20250702134707.png
2407,gallery,2025/10/Image_20250702134707.png,prod_2407_Image_20250702134707.png
2411,gallery,2025/10/Screenshot-2025-06-15-153331.png,prod_2411_Screenshot-2025-06-15-153331.png
2415,gallery,2025/10/Screenshot-2025-06-15-153652.png,prod_2415_Screenshot-2025-06-15-153652.png
2419,gallery,2025/10/Screenshot-2025-06-15-153801.png,prod_2419_Screenshot-2025-06-15-153801.png
2425,gallery,2025/10/Screenshot-2025-06-15-154217.png,prod_2425_Screenshot-2025-06-15-154217.png
2427,gallery,2025/10/Screenshot-2025-06-15-154309.png,prod_2427_Screenshot-2025-06-15-154309.png
2433,gallery,2025/10/Screenshot-2025-10-15-113042.png,prod_2433_Screenshot-2025-10-15-113042.png
2436,gallery,2025/10/Screenshot-2025-10-15-113852.png,prod_2436_Screenshot-2025-10-15-113852.png
2440,gallery,2025/10/Screenshot-2025-10-15-114141.png,prod_2440_Screenshot-2025-10-15-114141.png
2445,gallery,2025/10/Screenshot-2025-10-15-114141.png,prod_2445_Screenshot-2025-10-15-114141.png
2448,gallery,2025/10/Screenshot-2025-10-15-115029.png,prod_2448_Screenshot-2025-10-15-115029.png
2452,gallery,2025/10/Screenshot-2025-10-15-114141.png,prod_2452_Screenshot-2025-10-15-114141.png
2460,gallery,2025/10/Screenshot-2025-10-15-114141.png,prod_2460_Screenshot-2025-10-15-114141.png
2462,gallery,2025/10/Screenshot-2025-10-15-114141.png,prod_2462_Screenshot-2025-10-15-114141.png
2467,gallery,2025/10/Screenshot-2025-10-15-114141.png,prod_2467_Screenshot-2025-10-15-114141.png
2470,gallery,2025/10/Screenshot-2025-10-15-113852.png,prod_2470_Screenshot-2025-10-15-113852.png
2472,gallery,2025/10/Screenshot-2025-10-15-113852.png,prod_2472_Screenshot-2025-10-15-113852.png
2474,gallery,2025/10/Screenshot-2025-10-15-113852.png,prod_2474_Screenshot-2025-10-15-113852.png
2478,gallery,2025/10/Screenshot-2025-10-15-113852.png,prod_2478_Screenshot-2025-10-15-113852.png
2483,gallery,2025/11/Image_20250702134643.png,prod_2483_Image_20250702134643.png
2501,gallery,2025/11/Image_20250702134643.png,prod_2501_Image_20250702134643.png
2508,gallery,2025/11/Image_20250702134643.png,prod_2508_Image_20250702134643.png
2510,gallery,2025/11/Image_20250702134654.png,prod_2510_Image_20250702134654.png
2512,gallery,2025/11/Image_20250702134654.png,prod_2512_Image_20250702134654.png
2514,gallery,2025/11/Image_20250702134654.png,prod_2514_Image_20250702134654.png
2518,gallery,2025/11/Image_20250702134649.png,prod_2518_Image_20250702134649.png
2521,gallery,2025/11/Image_20250702134649.png,prod_2521_Image_20250702134649.png
2523,gallery,2025/11/Image_20250702134649.png,prod_2523_Image_20250702134649.png
2527,gallery,2025/11/Image_20250702134634.png,prod_2527_Image_20250702134634.png
2534,gallery,2025/11/Image_20250702134634.png,prod_2534_Image_20250702134634.png
2536,gallery,2025/11/Image_20250702134634.png,prod_2536_Image_20250702134634.png
2540,gallery,2025/11/Image_20250702134627.png,prod_2540_Image_20250702134627.png
2552,gallery,2025/11/Image_20250702134627.png,prod_2552_Image_20250702134627.png
2554,gallery,2025/11/Image_20250702134627.png,prod_2554_Image_20250702134627.png
2556,gallery,2025/11/Image_20250702134621.png,prod_2556_Image_20250702134621.png
2559,gallery,2025/11/Image_20250702134621.png,prod_2559_Image_20250702134621.png
2561,gallery,2025/11/Image_20250702134621.png,prod_2561_Image_20250702134621.png
2563,gallery,2025/11/Image_20250702134615.png,prod_2563_Image_20250702134615.png
2565,gallery,2025/11/Image_20250702134615.png,prod_2565_Image_20250702134615.png
2570,gallery,2025/12/Screenshot-2025-12-02-162219.png,prod_2570_Screenshot-2025-12-02-162219.png
2583,gallery,2025/12/Screenshot-2025-12-02-162139.png,prod_2583_Screenshot-2025-12-02-162139.png
2586,gallery,2025/12/Screenshot-2025-12-02-162054.png,prod_2586_Screenshot-2025-12-02-162054.png
2588,gallery,2025/12/Screenshot-2025-12-02-162256.png,prod_2588_Screenshot-2025-12-02-162256.png
2590,gallery,2025/12/Screenshot-2025-12-02-162417.png,prod_2590_Screenshot-2025-12-02-162417.png
2600,gallery,2025/12/Screenshot-2025-12-02-162343.png,prod_2600_Screenshot-2025-12-02-162343.png
2602,gallery,2025/12/Screenshot-2025-12-02-162024.png,prod_2602_Screenshot-2025-12-02-162024.png
2606,gallery,2025/12/Screenshot-2025-12-02-162531.png,prod_2606_Screenshot-2025-12-02-162531.png
2608,gallery,2025/12/Screenshot-2025-12-02-162509.png,prod_2608_Screenshot-2025-12-02-162509.png
2610,gallery,2025/12/Screenshot-2025-12-02-162447.png,prod_2610_Screenshot-2025-12-02-162447.png
2613,gallery,2025/12/Screenshot-2025-12-02-161923.png,prod_2613_Screenshot-2025-12-02-161923.png
2623,gallery,2025/12/Screenshot-2025-12-02-161538.png,prod_2623_Screenshot-2025-12-02-161538.png
2625,gallery,2025/12/Screenshot-2025-12-02-161726.png,prod_2625_Screenshot-2025-12-02-161726.png
2627,gallery,2025/12/Screenshot-2025-12-02-161821-1.png,prod_2627_Screenshot-2025-12-02-161821-1.png
2637,gallery,2025/12/Screenshot-2025-12-22-151442.png,prod_2637_Screenshot-2025-12-22-151442.png
2641,gallery,2025/12/Screenshot-2025-12-22-151747.png,prod_2641_Screenshot-2025-12-22-151747.png
2649,gallery,2025/12/Screenshot-2025-12-23-070531.png,prod_2649_Screenshot-2025-12-23-070531.png
2655,gallery,2025/12/Screenshot-2025-12-23-071710.png,prod_2655_Screenshot-2025-12-23-071710.png
2659,gallery,2025/12/Screenshot-2025-12-23-072509.png,prod_2659_Screenshot-2025-12-23-072509.png
2664,gallery,2025/12/Screenshot-2025-12-23-072951.png,prod_2664_Screenshot-2025-12-23-072951.png
2670,gallery,2025/12/Screenshot-2025-12-24-072409.png,prod_2670_Screenshot-2025-12-24-072409.png
2674,gallery,2025/12/Screenshot-2025-12-24-072835.png,prod_2674_Screenshot-2025-12-24-072835.png
2678,gallery,2025/12/Screenshot-2025-12-24-073148.png,prod_2678_Screenshot-2025-12-24-073148.png
2682,gallery,2025/12/Screenshot-2025-12-24-074034.png,prod_2682_Screenshot-2025-12-24-074034.png
2686,gallery,2025/12/Screenshot-2025-12-24-074334.png,prod_2686_Screenshot-2025-12-24-074334.png
2690,gallery,2025/12/Screenshot-2025-12-24-074618.png,prod_2690_Screenshot-2025-12-24-074618.png
2694,gallery,2025/12/Screenshot-2025-12-24-074953.png,prod_2694_Screenshot-2025-12-24-074953.png
2716,gallery,2026/07/Screenshot-2026-07-16-140038.png,prod_2716_Screenshot-2026-07-16-140038.png
2720,gallery,2026/07/Screenshot-2026-07-16-140038.png,prod_2720_Screenshot-2026-07-16-140038.png
2723,gallery,2026/07/Screenshot-2026-07-16-140038.png,prod_2723_Screenshot-2026-07-16-140038.png
2726,gallery,2026/07/Screenshot-2026-07-16-141328.png,prod_2726_Screenshot-2026-07-16-141328.png
2730,gallery,2026/07/Screenshot-2026-07-16-141328.png,prod_2730_Screenshot-2026-07-16-141328.png
2733,gallery,2026/07/Screenshot-2026-07-16-141328.png,prod_2733_Screenshot-2026-07-16-141328.png
2736,gallery,2026/07/Screenshot-2026-07-16-142200.png,prod_2736_Screenshot-2026-07-16-142200.png
2740,gallery,2026/07/Screenshot-2026-07-16-142200.png,prod_2740_Screenshot-2026-07-16-142200.png
2743,gallery,2026/07/Screenshot-2026-07-16-142200.png,prod_2743_Screenshot-2026-07-16-142200.png
2746,gallery,2026/07/Screenshot-2026-07-16-142200.png,prod_2746_Screenshot-2026-07-16-142200.png
2749,gallery,2026/07/Screenshot-2026-07-16-142200.png,prod_2749_Screenshot-2026-07-16-142200.png
2752,gallery,2026/07/Screenshot-2026-07-16-143435.png,prod_2752_Screenshot-2026-07-16-143435.png
2756,gallery,2026/07/Screenshot-2026-07-16-143435.png,prod_2756_Screenshot-2026-07-16-143435.png
2759,gallery,2026/07/Screenshot-2026-07-16-143435.png,prod_2759_Screenshot-2026-07-16-143435.png
2762,gallery,2026/07/Screenshot-2026-07-16-143435.png,prod_2762_Screenshot-2026-07-16-143435.png
2765,gallery,2026/07/Screenshot-2026-07-16-143435.png,prod_2765_Screenshot-2026-07-16-143435.png
2768,gallery,2026/07/Screenshot-2026-07-16-144953.png,prod_2768_Screenshot-2026-07-16-144953.png
2772,gallery,2026/07/Screenshot-2026-07-16-144953.png,prod_2772_Screenshot-2026-07-16-144953.png
2775,gallery,2026/07/Screenshot-2026-07-16-144953.png,prod_2775_Screenshot-2026-07-16-144953.png
2778,gallery,2026/07/Screenshot-2026-07-16-145725.png,prod_2778_Screenshot-2026-07-16-145725.png
2782,gallery,2026/07/Screenshot-2026-07-16-145725.png,prod_2782_Screenshot-2026-07-16-145725.png
2785,gallery,2026/07/Screenshot-2026-07-16-150220.png,prod_2785_Screenshot-2026-07-16-150220.png
2789,gallery,2026/07/Screenshot-2026-07-16-150220.png,prod_2789_Screenshot-2026-07-16-150220.png
2792,gallery,2026/07/Screenshot-2026-07-16-150220.png,prod_2792_Screenshot-2026-07-16-150220.png
2795,gallery,2026/07/Screenshot-2026-07-16-150220.png,prod_2795_Screenshot-2026-07-16-150220.png
2798,gallery,2026/07/Screenshot-2026-07-16-150220.png,prod_2798_Screenshot-2026-07-16-150220.png
2801,gallery,2026/07/Screenshot-2026-07-16-151641.png,prod_2801_Screenshot-2026-07-16-151641.png
2805,gallery,2026/07/Screenshot-2026-07-16-151641.png,prod_2805_Screenshot-2026-07-16-151641.png
2808,gallery,2026/07/Screenshot-2026-07-16-151641.png,prod_2808_Screenshot-2026-07-16-151641.png
2814,gallery,2026/07/Screenshot-2026-07-16-153128.png,prod_2814_Screenshot-2026-07-16-153128.png
2818,gallery,2026/07/Screenshot-2026-07-16-153326.png,prod_2818_Screenshot-2026-07-16-153326.png
2822,gallery,2026/07/Screenshot-2026-07-16-153547.png,prod_2822_Screenshot-2026-07-16-153547.png
2826,gallery,2026/07/Screenshot-2026-07-16-153817.png,prod_2826_Screenshot-2026-07-16-153817.png
2830,gallery,2026/07/Screenshot-2026-07-16-154043.png,prod_2830_Screenshot-2026-07-16-154043.png
2834,gallery,2026/07/Screenshot-2026-07-16-154256.png,prod_2834_Screenshot-2026-07-16-154256.png
2838,gallery,2026/07/Screenshot-2026-07-16-154541.png,prod_2838_Screenshot-2026-07-16-154541.png
2842,gallery,2026/07/Screenshot-2026-07-16-154854.png,prod_2842_Screenshot-2026-07-16-154854.png
2846,gallery,2026/07/Screenshot-2026-07-16-155208.png,prod_2846_Screenshot-2026-07-16-155208.png
2853,gallery,2026/07/Screenshot-2026-07-17-162929.png,prod_2853_Screenshot-2026-07-17-162929.png
2853,gallery,2026/07/Screenshot-2026-07-17-163037.png,prod_2853_Screenshot-2026-07-17-163037.png
2858,gallery,2026/07/Screenshot-2026-07-17-163037.png,prod_2858_Screenshot-2026-07-17-163037.png
2861,gallery,2026/07/Screenshot-2026-07-17-163509.png,prod_2861_Screenshot-2026-07-17-163509.png
2861,gallery,2026/07/Screenshot-2026-07-17-163540.png,prod_2861_Screenshot-2026-07-17-163540.png
2866,gallery,2026/07/Screenshot-2026-07-17-163914.png,prod_2866_Screenshot-2026-07-17-163914.png
2870,gallery,2026/07/Screenshot-2026-07-17-163914.png,prod_2870_Screenshot-2026-07-17-163914.png
2873,gallery,2026/07/Screenshot-2026-07-17-163914.png,prod_2873_Screenshot-2026-07-17-163914.png
2876,gallery,2026/07/Screenshot-2026-07-17-164614.png,prod_2876_Screenshot-2026-07-17-164614.png
2880,gallery,2026/07/Screenshot-2026-07-17-164830.png,prod_2880_Screenshot-2026-07-17-164830.png
2884,gallery,2026/07/Screenshot-2026-07-17-165112.png,prod_2884_Screenshot-2026-07-17-165112.png
2888,gallery,2026/07/Screenshot-2026-07-17-165435.png,prod_2888_Screenshot-2026-07-17-165435.png
2893,gallery,2026/07/Screenshot-2026-07-17-165732.png,prod_2893_Screenshot-2026-07-17-165732.png
2897,gallery,2026/07/Screenshot-2026-07-17-165732.png,prod_2897_Screenshot-2026-07-17-165732.png
2900,gallery,2026/07/Screenshot-2026-07-17-170118.png,prod_2900_Screenshot-2026-07-17-170118.png
2908,gallery,2026/07/Screenshot-2026-07-22-162655.png,prod_2908_Screenshot-2026-07-22-162655.png
2912,gallery,2026/07/Screenshot-2026-07-22-162920.png,prod_2912_Screenshot-2026-07-22-162920.png
2916,gallery,2026/07/Screenshot-2026-07-22-163220.png,prod_2916_Screenshot-2026-07-22-163220.png
2920,gallery,2026/07/Screenshot-2026-07-22-163501.png,prod_2920_Screenshot-2026-07-22-163501.png
2924,gallery,2026/07/Screenshot-2026-07-22-163501.png,prod_2924_Screenshot-2026-07-22-163501.png
2927,gallery,2026/07/Screenshot-2026-07-22-163905.png,prod_2927_Screenshot-2026-07-22-163905.png
2931,gallery,2026/07/Screenshot-2026-07-22-164130.png,prod_2931_Screenshot-2026-07-22-164130.png
2935,gallery,2026/07/Screenshot-2026-07-22-164321.png,prod_2935_Screenshot-2026-07-22-164321.png
2939,gallery,2026/07/Screenshot-2026-07-22-164540.png,prod_2939_Screenshot-2026-07-22-164540.png
2943,gallery,2026/07/Screenshot-2026-07-22-165157.png,prod_2943_Screenshot-2026-07-22-165157.png
2947,gallery,2026/07/Screenshot-2026-07-22-165653.png,prod_2947_Screenshot-2026-07-22-165653.png
2952,gallery,2026/07/Screenshot-2026-07-22-170303.png,prod_2952_Screenshot-2026-07-22-170303.png
2956,gallery,2026/07/Screenshot-2026-07-22-170510.png,prod_2956_Screenshot-2026-07-22-170510.png
2961,gallery,2026/07/Screenshot-2026-07-22-170931.png,prod_2961_Screenshot-2026-07-22-170931.png
2965,gallery,2026/07/Screenshot-2026-07-22-171134.png,prod_2965_Screenshot-2026-07-22-171134.png
2976,gallery,2026/07/Screenshot-2026-07-22-171737.png,prod_2976_Screenshot-2026-07-22-171737.png
2976,gallery,2026/07/Screenshot-2026-07-22-171713.png,prod_2976_Screenshot-2026-07-22-171713.png
2981,gallery,2026/07/Screenshot-2026-07-22-172001.png,prod_2981_Screenshot-2026-07-22-172001.png
2985,gallery,2026/07/Screenshot-2026-07-22-172200.png,prod_2985_Screenshot-2026-07-22-172200.png
2989,gallery,2026/07/Screenshot-2026-07-22-172355.png,prod_2989_Screenshot-2026-07-22-172355.png
2993,gallery,2026/07/Screenshot-2026-07-22-172630.png,prod_2993_Screenshot-2026-07-22-172630.png
2997,gallery,2026/07/Screenshot-2026-07-22-172845.png,prod_2997_Screenshot-2026-07-22-172845.png
3001,gallery,2026/07/Screenshot-2026-07-22-173040.png,prod_3001_Screenshot-2026-07-22-173040.png
3005,gallery,2026/07/Screenshot-2026-07-22-173304.png,prod_3005_Screenshot-2026-07-22-173304.png
3009,gallery,2026/07/Screenshot-2026-07-22-173514.png,prod_3009_Screenshot-2026-07-22-173514.png
3013,gallery,2026/07/Screenshot-2026-07-22-173720.png,prod_3013_Screenshot-2026-07-22-173720.png
3017,gallery,2026/07/Screenshot-2026-07-22-173936.png,prod_3017_Screenshot-2026-07-22-173936.png
3022,gallery,2026/07/Screenshot-2026-07-22-174129.png,prod_3022_Screenshot-2026-07-22-174129.png
3026,gallery,2026/07/Screenshot-2026-07-22-174343.png,prod_3026_Screenshot-2026-07-22-174343.png
3030,gallery,2026/07/Screenshot-2026-07-22-174536.png,prod_3030_Screenshot-2026-07-22-174536.png
3034,gallery,2026/07/Screenshot-2026-07-22-174809.png,prod_3034_Screenshot-2026-07-22-174809.png
3038,gallery,2026/07/Screenshot-2026-07-22-175001.png,prod_3038_Screenshot-2026-07-22-175001.png
3042,gallery,2026/07/Screenshot-2026-07-22-175158.png,prod_3042_Screenshot-2026-07-22-175158.png
3046,gallery,2026/07/Screenshot-2026-07-22-175440.png,prod_3046_Screenshot-2026-07-22-175440.png
3046,gallery,2026/07/Screenshot-2026-07-22-175401.png,prod_3046_Screenshot-2026-07-22-175401.png
3046,gallery,2026/07/Screenshot-2026-07-22-175422.png,prod_3046_Screenshot-2026-07-22-175422.png
3052,gallery,2026/07/Screenshot-2026-07-22-175723.png,prod_3052_Screenshot-2026-07-22-175723.png
3056,gallery,2026/07/Screenshot-2026-07-22-175852.png,prod_3056_Screenshot-2026-07-22-175852.png
3060,gallery,2026/07/Screenshot-2026-07-22-180137.png,prod_3060_Screenshot-2026-07-22-180137.png
3060,gallery,2026/07/Screenshot-2026-07-22-180154.png,prod_3060_Screenshot-2026-07-22-180154.png
3060,gallery,2026/07/Screenshot-2026-07-22-180211.png,prod_3060_Screenshot-2026-07-22-180211.png
3066,gallery,2026/07/Screenshot-2026-07-22-180415.png,prod_3066_Screenshot-2026-07-22-180415.png
3066,gallery,2026/07/Screenshot-2026-07-22-180432.png,prod_3066_Screenshot-2026-07-22-180432.png
3071,gallery,2026/07/Screenshot-2026-07-22-180631.png,prod_3071_Screenshot-2026-07-22-180631.png
3071,gallery,2026/07/Screenshot-2026-07-22-180646.png,prod_3071_Screenshot-2026-07-22-180646.png
3076,gallery,2026/07/Screenshot-2026-07-22-180905.png,prod_3076_Screenshot-2026-07-22-180905.png
3091,gallery,2026/08/Screenshot-2026-08-05-120735.png,prod_3091_Screenshot-2026-08-05-120735.png
3098,gallery,2026/08/Screenshot-2026-08-05-120735.png,prod_3098_Screenshot-2026-08-05-120735.png
3100,gallery,2026/08/Screenshot-2026-08-05-120735.png,prod_3100_Screenshot-2026-08-05-120735.png
3103,gallery,2026/08/Screenshot-2026-08-05-120735.png,prod_3103_Screenshot-2026-08-05-120735.png
3106,gallery,2026/08/Screenshot-2026-08-05-124414.png,prod_3106_Screenshot-2026-08-05-124414.png
3111,gallery,2026/08/Screenshot-2026-08-05-124414.png,prod_3111_Screenshot-2026-08-05-124414.png
3114,gallery,2026/08/Screenshot-2026-08-05-124414.png,prod_3114_Screenshot-2026-08-05-124414.png
3117,gallery,2026/08/Screenshot-2026-08-05-124414.png,prod_3117_Screenshot-2026-08-05-124414.png
3120,gallery,2026/08/Screenshot-2026-08-05-140320.png,prod_3120_Screenshot-2026-08-05-140320.png
3124,gallery,2026/08/Screenshot-2026-08-05-140320.png,prod_3124_Screenshot-2026-08-05-140320.png
3127,gallery,2026/08/Screenshot-2026-08-05-140320.png,prod_3127_Screenshot-2026-08-05-140320.png
3130,gallery,2026/08/Screenshot-2026-08-05-140320.png,prod_3130_Screenshot-2026-08-05-140320.png
3133,gallery,2026/08/Screenshot-2026-08-05-141741.png,prod_3133_Screenshot-2026-08-05-141741.png
3137,gallery,2026/08/Screenshot-2026-08-05-141741.png,prod_3137_Screenshot-2026-08-05-141741.png
3140,gallery,2026/08/Screenshot-2026-08-05-141741.png,prod_3140_Screenshot-2026-08-05-141741.png
3143,gallery,2026/08/Screenshot-2026-08-05-141741.png,prod_3143_Screenshot-2026-08-05-141741.png
3147,gallery,2026/08/Screenshot-2026-08-05-142619.png,prod_3147_Screenshot-2026-08-05-142619.png
3151,gallery,2026/08/Screenshot-2026-08-05-142619.png,prod_3151_Screenshot-2026-08-05-142619.png
3154,gallery,2026/08/Screenshot-2026-08-05-142619.png,prod_3154_Screenshot-2026-08-05-142619.png
3157,gallery,2026/08/Screenshot-2026-08-05-142619.png,prod_3157_Screenshot-2026-08-05-142619.png
3160,gallery,2026/08/Screenshot-2026-08-05-143202.png,prod_3160_Screenshot-2026-08-05-143202.png
3164,gallery,2026/08/Screenshot-2026-08-05-143202.png,prod_3164_Screenshot-2026-08-05-143202.png
3167,gallery,2026/08/Screenshot-2026-08-05-143202.png,prod_3167_Screenshot-2026-08-05-143202.png
3170,gallery,2026/08/Screenshot-2026-08-05-143202.png,prod_3170_Screenshot-2026-08-05-143202.png
3189,gallery,2026/08/Screenshot-2026-08-13-123621.png,prod_3189_Screenshot-2026-08-13-123621.png
3194,gallery,2026/08/Screenshot-2026-08-13-124357.png,prod_3194_Screenshot-2026-08-13-124357.png
3198,gallery,2026/08/Screenshot-2026-08-13-125800.png,prod_3198_Screenshot-2026-08-13-125800.png
3202,gallery,2026/08/Screenshot-2026-08-13-130013.png,prod_3202_Screenshot-2026-08-13-130013.png
3208,gallery,2026/08/Screenshot-2026-08-14-170958.png,prod_3208_Screenshot-2026-08-14-170958.png
3212,gallery,2026/08/Screenshot-2026-08-14-171223.png,prod_3212_Screenshot-2026-08-14-171223.png
3216,gallery,2026/08/Screenshot-2026-08-14-171517.png,prod_3216_Screenshot-2026-08-14-171517.png
3220,gallery,2026/08/Screenshot-2026-08-14-171753.png,prod_3220_Screenshot-2026-08-14-171753.png
3262,gallery,2026/09/Screenshot-2026-09-11-173928.png,prod_3262_Screenshot-2026-09-11-173928.png
3266,gallery,2026/09/Screenshot-2026-09-11-174155.png,prod_3266_Screenshot-2026-09-11-174155.png
3270,gallery,2026/09/Screenshot-2026-09-11-174652.png,prod_3270_Screenshot-2026-09-11-174652.png
3274,gallery,2026/09/Screenshot-2026-09-11-174902.png,prod_3274_Screenshot-2026-09-11-174902.png
3278,gallery,2026/09/Screenshot-2026-09-11-175146.png,prod_3278_Screenshot-2026-09-11-175146.png
3278,gallery,2026/09/Screenshot-2026-09-11-175209.png,prod_3278_Screenshot-2026-09-11-175209.png
